{"cameraMode":{"drawMode":0,"name":"Shaded","section":"Shading Mode"},"sceneLighting":false,"audioPlay":false,"sceneViewState":{"m_AlwaysRefresh":false,"showFog":true,"showSkybox":false,"showFlares":true,"showImageEffects":true,"showParticleSystems":true,"showVisualEffectGraphs":true,"m_FxEnabled":true},"in2DMode":false,"pivot":{"x":-0.7027739882469177,"y":17.554521560668947,"z":-44.656707763671878},"rotation":{"x":-0.0056565627455711369,"y":0.9942002296447754,"z":-0.08401863276958466,"w":-0.0669097751379013},"size":5.644362926483154,"orthographic":false}