{"cameraMode":{"drawMode":0,"name":"Shaded","section":"Shading Mode"},"sceneLighting":true,"audioPlay":false,"sceneViewState":{"m_AlwaysRefresh":false,"showFog":true,"showSkybox":true,"showFlares":true,"showImageEffects":true,"showParticleSystems":true,"showVisualEffectGraphs":true,"m_FxEnabled":true},"in2DMode":false,"pivot":{"x":160.8083038330078,"y":100.68055725097656,"z":-6.1910858154296879},"rotation":{"x":0.0197225883603096,"y":-0.09285314381122589,"z":0.0018411045894026757,"w":0.995488703250885},"size":134.23353576660157,"orthographic":false}