{"cameraMode":{"drawMode":0,"name":"Shaded","section":"Shading Mode"},"sceneLighting":true,"audioPlay":false,"sceneViewState":{"m_AlwaysRefresh":false,"showFog":true,"showSkybox":true,"showFlares":true,"showImageEffects":true,"showParticleSystems":true,"showVisualEffectGraphs":true,"m_FxEnabled":true},"in2DMode":false,"pivot":{"x":-0.15065765380859376,"y":1.0834541320800782,"z":-98.70083618164063},"rotation":{"x":0.07516858726739884,"y":0.790912389755249,"z":-0.09922946989536286,"w":0.5991384983062744},"size":1.1489125490188599,"orthographic":false}