{"cameraMode":{"drawMode":0,"name":"Shaded","section":"Shading Mode"},"sceneLighting":true,"audioPlay":false,"sceneViewState":{"m_AlwaysRefresh":false,"showFog":true,"showSkybox":true,"showFlares":true,"showImageEffects":true,"showParticleSystems":true,"showVisualEffectGraphs":true,"m_FxEnabled":true},"in2DMode":false,"pivot":{"x":3.6353414058685304,"y":32.66446304321289,"z":0.7916746139526367},"rotation":{"x":0.0197225883603096,"y":-0.09285314381122589,"z":0.0018411045894026757,"w":0.995488703250885},"size":8.415491104125977,"orthographic":false}