{"cameraMode":{"drawMode":0,"name":"Shaded","section":"Shading Mode"},"sceneLighting":true,"audioPlay":false,"sceneViewState":{"m_AlwaysRefresh":false,"showFog":true,"showSkybox":true,"showFlares":true,"showImageEffects":true,"showParticleSystems":true,"showVisualEffectGraphs":true,"m_FxEnabled":true},"in2DMode":false,"pivot":{"x":39.79194259643555,"y":177.73690795898438,"z":5.378837585449219},"rotation":{"x":0.009301156736910344,"y":-0.04199095442891121,"z":0.0003924006305169314,"w":0.9990801811218262},"size":250.0065155029297,"orthographic":false}