{"cameraMode":{"drawMode":0,"name":"Shaded","section":"Shading Mode"},"sceneLighting":false,"audioPlay":false,"sceneViewState":{"m_AlwaysRefresh":false,"showFog":true,"showSkybox":false,"showFlares":true,"showImageEffects":true,"showParticleSystems":true,"showVisualEffectGraphs":true,"m_FxEnabled":true},"in2DMode":false,"pivot":{"x":3.5886478424072267,"y":9.634941101074219,"z":-6.682282447814941},"rotation":{"x":0.045587871223688129,"y":0.717958390712738,"z":0.047230906784534457,"w":-0.6929840445518494},"size":2.1247448921203615,"orthographic":false}