{"cameraMode":{"drawMode":0,"name":"Shaded","section":"Shading Mode"},"sceneLighting":false,"audioPlay":false,"sceneViewState":{"m_AlwaysRefresh":false,"showFog":true,"showSkybox":false,"showFlares":true,"showImageEffects":true,"showParticleSystems":true,"showVisualEffectGraphs":true,"m_FxEnabled":true},"in2DMode":false,"pivot":{"x":-0.32182735204696658,"y":1.3300620317459107,"z":-0.08995342254638672},"rotation":{"x":-0.058766212314367297,"y":0.016751360148191453,"z":-0.000986951868981123,"w":-0.9981462359428406},"size":6.779644966125488,"orthographic":false}