{"cameraMode":{"drawMode":0,"name":"Shaded","section":"Shading Mode"},"sceneLighting":false,"audioPlay":false,"sceneViewState":{"m_AlwaysRefresh":false,"showFog":true,"showSkybox":false,"showFlares":true,"showImageEffects":true,"showParticleSystems":true,"showVisualEffectGraphs":true,"m_FxEnabled":true},"in2DMode":false,"pivot":{"x":2.7551541328430177,"y":14.75064468383789,"z":0.7723350524902344},"rotation":{"x":-0.058766212314367297,"y":0.016751360148191453,"z":-0.000986951868981123,"w":-0.9981462359428406},"size":10.865511894226075,"orthographic":false}