{"cameraMode":{"drawMode":0,"name":"Shaded","section":"Shading Mode"},"sceneLighting":false,"audioPlay":false,"sceneViewState":{"m_AlwaysRefresh":false,"showFog":true,"showSkybox":false,"showFlares":true,"showImageEffects":true,"showParticleSystems":true,"showVisualEffectGraphs":true,"m_FxEnabled":true},"in2DMode":false,"pivot":{"x":1.4297709465026856,"y":0.22890663146972657,"z":1.464759349822998},"rotation":{"x":0.28863000869750979,"y":0.008912726305425167,"z":-0.0026904286351054909,"w":0.9573960900306702},"size":4.766025543212891,"orthographic":false}