{"cameraMode":{"drawMode":0,"name":"Shaded","section":"Shading Mode"},"sceneLighting":false,"audioPlay":false,"sceneViewState":{"m_AlwaysRefresh":false,"showFog":true,"showSkybox":false,"showFlares":true,"showImageEffects":true,"showParticleSystems":true,"showVisualEffectGraphs":true,"m_FxEnabled":true},"in2DMode":false,"pivot":{"x":-0.07411465048789978,"y":5.38020133972168,"z":-0.4306201934814453},"rotation":{"x":-0.058766212314367297,"y":0.016751360148191453,"z":-0.000986951868981123,"w":-0.9981462359428406},"size":6.8423237800598148,"orthographic":false}