{"cameraMode":{"drawMode":0,"name":"Shaded","section":"Shading Mode"},"sceneLighting":true,"audioPlay":false,"sceneViewState":{"m_AlwaysRefresh":false,"showFog":true,"showSkybox":true,"showFlares":true,"showImageEffects":true,"showParticleSystems":true,"showVisualEffectGraphs":true,"m_FxEnabled":true},"in2DMode":false,"pivot":{"x":0.5370571613311768,"y":1.939153790473938,"z":1.4943965673446656},"rotation":{"x":-0.10641759634017945,"y":0.7150126099586487,"z":-0.11158169060945511,"w":-0.6819008588790894},"size":1.9451513290405274,"orthographic":false}