{"cameraMode":{"drawMode":0,"name":"Shaded","section":"Shading Mode"},"sceneLighting":true,"audioPlay":false,"sceneViewState":{"m_AlwaysRefresh":false,"showFog":true,"showSkybox":true,"showFlares":true,"showImageEffects":true,"showParticleSystems":true,"showVisualEffectGraphs":true,"m_FxEnabled":true},"in2DMode":false,"pivot":{"x":-8.50257396697998,"y":25.233312606811525,"z":-0.3549232482910156},"rotation":{"x":-0.000954577699303627,"y":0.9982531666755676,"z":-0.016780659556388856,"w":-0.056660596281290057},"size":10.033228874206543,"orthographic":false}