{"cameraMode":{"drawMode":0,"name":"Shaded","section":"Shading Mode"},"sceneLighting":true,"audioPlay":false,"sceneViewState":{"m_AlwaysRefresh":false,"showFog":true,"showSkybox":true,"showFlares":true,"showImageEffects":true,"showParticleSystems":true,"showVisualEffectGraphs":true,"m_FxEnabled":true},"in2DMode":false,"pivot":{"x":-0.23538494110107423,"y":25.322425842285158,"z":5.9821319580078129},"rotation":{"x":0.11793509125709534,"y":0.3175870478153229,"z":-0.03984712436795235,"w":0.9400249719619751},"size":10.449999809265137,"orthographic":false}