{"cameraMode":{"drawMode":0,"name":"Shaded","section":"Shading Mode"},"sceneLighting":false,"audioPlay":false,"sceneViewState":{"m_AlwaysRefresh":false,"showFog":true,"showSkybox":false,"showFlares":true,"showImageEffects":true,"showParticleSystems":true,"showVisualEffectGraphs":true,"m_FxEnabled":true},"in2DMode":false,"pivot":{"x":249.3677520751953,"y":282.9984436035156,"z":14.55230712890625},"rotation":{"x":-0.0018152650445699692,"y":0.9980351328849793,"z":0.05213528871536255,"w":0.034746844321489337},"size":182.1187286376953,"orthographic":false}