{"cameraMode":{"drawMode":0,"name":"Shaded","section":"Shading Mode"},"sceneLighting":false,"audioPlay":false,"sceneViewState":{"m_AlwaysRefresh":false,"showFog":true,"showSkybox":false,"showFlares":true,"showImageEffects":true,"showParticleSystems":true,"showVisualEffectGraphs":true,"m_FxEnabled":true},"in2DMode":false,"pivot":{"x":-2.5411787033081056,"y":1.8149833679199219,"z":-95.8193130493164},"rotation":{"x":0.009301156736910344,"y":-0.04199095442891121,"z":0.0003924006305169314,"w":0.9990801811218262},"size":3.5443618297576906,"orthographic":false}