{"cameraMode":{"drawMode":0,"name":"Shaded","section":"Shading Mode"},"sceneLighting":false,"audioPlay":false,"sceneViewState":{"m_AlwaysRefresh":false,"showFog":true,"showSkybox":false,"showFlares":true,"showImageEffects":true,"showParticleSystems":true,"showVisualEffectGraphs":true,"m_FxEnabled":true},"in2DMode":false,"pivot":{"x":-0.3005852699279785,"y":0.5124578475952148,"z":0.5351653099060059},"rotation":{"x":-0.039465878158807757,"y":0.930576741695404,"z":-0.10542561858892441,"w":-0.3483596444129944},"size":3.9247446060180666,"orthographic":false}