{"cameraMode":{"drawMode":0,"name":"Shaded","section":"Shading Mode"},"sceneLighting":false,"audioPlay":false,"sceneViewState":{"m_AlwaysRefresh":false,"showFog":true,"showSkybox":false,"showFlares":true,"showImageEffects":true,"showParticleSystems":true,"showVisualEffectGraphs":true,"m_FxEnabled":true},"in2DMode":false,"pivot":{"x":1.4855937957763672,"y":3.8676724433898927,"z":0.19804227352142335},"rotation":{"x":0.043296296149492267,"y":0.5899898409843445,"z":0.03170747682452202,"w":-0.8056319355964661},"size":2.1073949337005617,"orthographic":false}